method,cifar10_knn_top1,cifar10_linear_probe,stl10_transfer,chestxray_1pct,chestxray_5pct,chestxray_10pct,chestxray_100pct,alignment,uniformity,mean_variance,effective_rank
SIMCLR,64.75,67.56,,64.63,66.23,65.01,66.14,0.3222826421260834,-2.2944114208221436,0.0012279346119612455,304
MoCo v2,61.1,65.47,,64.21,65.66,65.15,62.31,0.48067858815193176,-2.153331756591797,0.0010946195106953382,423
BYOL,54.65,56.88,,63.71,63.76,62.79,65.17,0.22777162492275238,-1.7591272592544556,0.0010550287552177906,104
SUPERVISED,84.23,,,,,,68.81,0.6983925700187683,-2.4040567874908447,0.0012756455689668655,404
